{
  "stats": {
    "ratio_high": {
      "media": 0.5906576017538706,
      "std": 0.08989738349575878
    },
    "centroide": {
      "media": 5727.679791018144,
      "std": 859.1519686527216
    },
    "flatness": {
      "media": 0.3921840190887451,
      "std": 0.08260806666518833
    },
    "duracao": {
      "media": 0.11390249166530945,
      "std": 0.053202916563259296
    },
    "rms": {
      "media": 0.38385781397422153,
      "std": 0.2279356698451549
    }
  },
  "threshold_base": 0.027869846299290655
}